Title,Year,Directors,imdbID,Review
Ramona,1910,D. W. Griffith,,AFI Catalog ID: 40029.0
Uncle Tom's Cabin,1910,Barry O'Neil,,AFI Catalog ID: 40640.0
"Uncle Tom's Cabin, Part 3",1910,Frederick Thomson,,AFI Catalog ID: 40643.0
A Lady of Quality,1913,,,AFI Catalog ID: 18163.0
Mrs. Wiggs of the Cabbage Patch,1914,Harold Entwhistle,,AFI Catalog ID: 18181.0
Tess of the Storm Country,1914,,,AFI Catalog ID: 16453.0
The Eagle's Mate,1914,James Kirkwood,,AFI Catalog ID: 16319.0
The Opened Shutters,1914,Otis Turner,,AFI Catalog ID: 16527.0
Uncle Tom's Cabin,1914,William Robert Daly,,AFI Catalog ID: 2113.0
Jewel,1915,Phillips Smalley,,AFI Catalog ID: 16556.0
The Circular Staircase,1915,Edward J. Le Saint,,AFI Catalog ID: 16431.0
The Dawn of a Tomorrow,1915,James Kirkwood,,AFI Catalog ID: 18171.0
The House of the Lost Court,1915,Charles J. Brabin,,AFI Catalog ID: 16548.0
The Pretty Sister of Jose,1915,Allan Dwan,,AFI Catalog ID: 18185.0
A Romance of Billy Goat Hill,1916,Lynn Reynolds,,AFI Catalog ID: 16806.0
Judith of the Cumberlands,1916,J. P. McGowan,,AFI Catalog ID: 16746.0
Little Eve Edgarton,1916,Robert Leonard,,AFI Catalog ID: 16752.0
Lord Loveland Discovers America,1916,Arthur Maude,,AFI Catalog ID: 1868.0
Molly Make-Believe,1916,J. Searle Dawley,,AFI Catalog ID: 16769.0
Ramona,1916,Donald Crisp,,AFI Catalog ID: 1879.0
Secret Love,1916,Robert Leonard,,AFI Catalog ID: 16816.0
The Awakening of Helena Richie,1916,John W. Noble,,AFI Catalog ID: 16826.0
The Enemy,1916,Paul Scardon,,AFI Catalog ID: 16710.0
The Hidden Scar,1916,Barry O'Neil,,AFI Catalog ID: 14130.0
The Iron Woman,1916,Carl Harbaugh,,AFI Catalog ID: 16741.0
The Man from Bitter Roots,1916,Oscar C. Apfel,,AFI Catalog ID: 16758.0
The Other Side of the Door,1916,Thomas Ricketts,,AFI Catalog ID: 16787.0
The Place Beyond the Winds,1916,Joseph De Grasse,,AFI Catalog ID: 16785.0
The Shop Girl,1916,George D. Baker,,AFI Catalog ID: 16815.0
The Woman Who Dared,1916,George E. Middleton,,AFI Catalog ID: 17304.0
A Son of the Hills,1917,Harry Davenport,,AFI Catalog ID: 17753.0
A Soul for Sale,1917,Allen Holubar,,AFI Catalog ID: 17532.0
A Wife on Trial,1917,Ruth Ann Baldwin,,AFI Catalog ID: 16932.0
An Alabaster Box,1917,Chester Withey,,AFI Catalog ID: 16823.0
Freckles,1917,Marshall Neilan,,AFI Catalog ID: 16906.0
Little Lost Sister,1917,Alfred Green,,AFI Catalog ID: 17574.0
Mr. Opp,1917,Lynn F. Reynolds,,AFI Catalog ID: 17649.0
Mrs. Balfame,1917,Frank Powell,,AFI Catalog ID: 16963.0
Rebecca of Sunnybrook Farm,1917,Marshall Neilan,,AFI Catalog ID: 18216.0
The Courage of the Common Place,1917,Ben Turbett,,AFI Catalog ID: 16892.0
The Fair Barbarian,1917,Robert Thornby,,AFI Catalog ID: 16901.0
The Little Chevalier,1917,Alan Crosland,,AFI Catalog ID: 1915.0
The Little Princess,1917,Marshall Neilan,,AFI Catalog ID: 16982.0
The Primrose Ring,1917,Robert Leonard,,AFI Catalog ID: 17716.0
The Rise of Jennie Cushing,1917,Maurice Tourneur,,AFI Catalog ID: 18030.0
The Secret of the Storm Country,1917,Charles Miller,,AFI Catalog ID: 17749.0
Who Knows?,1917,Jack Pratt,,AFI Catalog ID: 17002.0
All Woman,1918,Hobart Henley,,AFI Catalog ID: 17016.0
Her Great Chance,1918,Charles Maigne,,AFI Catalog ID: 17126.0
His Robe of Honor,1918,Rex Ingram,,AFI Catalog ID: 17119.0
"How Could You, Jean?",1918,William D. Taylor,,AFI Catalog ID: 1961.0
Kildare of Storm,1918,Harry L. Franklin,,AFI Catalog ID: 17147.0
Less Than Kin,1918,Donald Crisp,,AFI Catalog ID: 17188.0
Little Miss Hoover,1918,John S. Robertson,,AFI Catalog ID: 17192.0
Out of a Clear Sky,1918,Marshall Neilan,,AFI Catalog ID: 1988.0
Sandy,1918,George H. Melford,,AFI Catalog ID: 1996.0
Sunshine Nan,1918,Charles Giblyn,,AFI Catalog ID: 17262.0
The Daredevil,1918,Francis Grandon,,AFI Catalog ID: 17061.0
The Demon,1918,George D. Baker,,AFI Catalog ID: 18110.0
The Dream Lady,1918,Elsie Jane Wilson,,AFI Catalog ID: 17069.0
The Firefly of France,1918,Donald Crisp,,AFI Catalog ID: 17086.0
The Ghost of Rosy Taylor,1918,Edward S. Sloman,,AFI Catalog ID: 17101.0
The House of Mirth,1918,Albert Capellani,,AFI Catalog ID: 17118.0
The Life Mask,1918,Frank Crane,,AFI Catalog ID: 17154.0
The Lure of Luxury,1918,Elsie Jane Wilson,,AFI Catalog ID: 17158.0
The Panther Woman,1918,Ralph Ince,,AFI Catalog ID: 17225.0
The Power and the Glory,1918,Lawrence C. Windom,,AFI Catalog ID: 17218.0
The Prodigal Wife,1918,Frank Reicher,,AFI Catalog ID: 17228.0
The Risky Road,1918,Ida May Park,,AFI Catalog ID: 18233.0
The Shuttle,1918,Rollin S. Sturgeon,,AFI Catalog ID: 17246.0
The Unbeliever,1918,Alan Crosland,,AFI Catalog ID: 2148.0
The Vanity Pool,1918,Ida May Park,,AFI Catalog ID: 18240.0
Uncle Tom's Cabin,1918,J. Searle Dawley,,AFI Catalog ID: 2112.0
When a Woman Sins,1918,J. Gordon Edwards,,AFI Catalog ID: 15277.0
Which Woman?,1918,"Tod Browning, Harry Pollard",,AFI Catalog ID: 18242.0
A House Divided,1919,J. Stuart Blackton,,AFI Catalog ID: 17393.0
Adele,1919,Wallace Worsley,,AFI Catalog ID: 17294.0
Come Out of the Kitchen,1919,John S. Robertson,,AFI Catalog ID: 2332.0
Daddy-Long-Legs,1919,Marshall A. Neilan,,AFI Catalog ID: 18248.0
Diane of the Green Van,1919,Wallace Worsley,,AFI Catalog ID: 2003.0
False Evidence,1919,Edwin Carew,,AFI Catalog ID: 2011.0
Little Women,1919,Harley Knoles,,AFI Catalog ID: 17156.0
Louisiana,1919,Robert G. Vignola,,AFI Catalog ID: 17433.0
Mrs. Wiggs of the Cabbage Patch,1919,Hugh Ford,,AFI Catalog ID: 18124.0
The Amazing Wife,1919,Ida May Park,,AFI Catalog ID: 17309.0
The Avalanche,1919,George Fitzmaurice,,AFI Catalog ID: 17312.0
The Bramble Bush,1919,Tom Terriss,,AFI Catalog ID: 17338.0
The Day She Paid,1919,Rex Ingram,,AFI Catalog ID: 17313.0
The Heart of Youth,1919,Robert G. Vignola,,AFI Catalog ID: 17384.0
The Love Call,1919,Louis William Chaudet,,AFI Catalog ID: 17414.0
The Petal on the Current,1919,Tod Browning,,AFI Catalog ID: 17569.0
The Secret Garden,1919,G. Butler Clonebough,,AFI Catalog ID: 17586.0
The Wishing Ring Man,1919,David Smith,,AFI Catalog ID: 17494.0
Whitewashed Walls,1919,Park Frame,,AFI Catalog ID: 17548.0
Blackmail,1920,Dallas M. Fitzgerald,,AFI Catalog ID: 17643.0
Her Elephant Man,1920,Scott Dunlap,,AFI Catalog ID: 17818.0
Her Husband's Friend,1920,Fred Niblo,,AFI Catalog ID: 17820.0
Humoresque,1920,Frank Borzage,,AFI Catalog ID: 2080.0
Judy of Rogue's Harbor,1920,William D. Taylor,,AFI Catalog ID: 17625.0
Love's Harvest,1920,Howard M. Mitchell,,AFI Catalog ID: 17787.0
Mountain Madness,1920,Lloyd Carleton,,AFI Catalog ID: 17833.0
Old Dad,1920,Lloyd Ingraham,,AFI Catalog ID: 17846.0
Out of the Storm,1920,William Parke,,AFI Catalog ID: 17878.0
Passion's Playground,1920,J. A. Barry,,AFI Catalog ID: 17897.0
Pegeen,1920,David Smith,,AFI Catalog ID: 18020.0
Polly of the Storm Country,1920,Arthur H. Rosson,,AFI Catalog ID: 16086.0
Something Different,1920,R. William Neill,,AFI Catalog ID: 17867.0
The Amateur Wife,1920,Edward Dillon,,AFI Catalog ID: 17611.0
The Branding Iron,1920,Reginald Barker,,AFI Catalog ID: 17671.0
The Fighting Shepherdess,1920,Edward José,,AFI Catalog ID: 17738.0
The Forbidden Woman,1920,Harry Garson,,AFI Catalog ID: 15862.0
The Galloping Devil,1920,Nate Watt,,AFI Catalog ID: 17744.0
The Girl in the Web,1920,Robert Thornby,,AFI Catalog ID: 17763.0
The Little 'Fraid Lady,1920,John G. Adolfi,,AFI Catalog ID: 17780.0
The Palace of Darkened Windows,1920,Henry Kolker,,AFI Catalog ID: 17880.0
The Tiger's Coat,1920,Roy Clements,,AFI Catalog ID: 2370.0
What Happened to Rosa,1920,Victor Schertzinger,,AFI Catalog ID: 17962.0
You Never Can Tell,1920,Chester M. Franklin,,"AFI Catalog ID: 18144.0 | also based on the story ""Class"" by Bryan"
Danger Ahead,1921,Rollin Sturgeon,,AFI Catalog ID: 3566.0
Just Around the Corner,1921,Frances Marion,,AFI Catalog ID: 10040.0
Ladies Must Live,1921,George Loane Tucker,,AFI Catalog ID: 10118.0
Little Lord Fauntleroy,1921,"Alfred E. Green, Jack Pickford",,AFI Catalog ID: 10310.0
Miss Lulu Bett,1921,William C. de Mille,,AFI Catalog ID: 10803.0
My Lady's Latchkey,1921,Edwin Carewe,,AFI Catalog ID: 10892.0
Nobody's Kid,1921,Howard Hickman,,AFI Catalog ID: 11009.0
Silent Years,1921,Louis J. Gasnier,,AFI Catalog ID: 12115.0
Snowblind,1921,Reginald Barker,,AFI Catalog ID: 12237.0
Stardust,1921,Hobart Henley,,AFI Catalog ID: 12395.0
The Charm School,1921,James Cruze,,AFI Catalog ID: 3255.0
The Lamplighter,1921,Howard M. Mitchell,,AFI Catalog ID: 10149.0
The Mad Marriage,1921,Rollin Sturgeon,,AFI Catalog ID: 10499.0
The Other Woman,1921,Edward Sloman,,AFI Catalog ID: 11179.0
A Question of Honor,1922,Edwin Carewe,,AFI Catalog ID: 11499.0
A Woman's Woman,1922,Charles Giblyn,,AFI Catalog ID: 13462.0
Back Pay,1922,Frank Borzage,,AFI Catalog ID: 2683.0
Beauty's Worth,1922,Robert G. Vignola,,AFI Catalog ID: 2781.0
Don't Write Letters,1922,George D. Baker,,AFI Catalog ID: 3822.0
Heart's Haven,1922,Benjamin B. Hampton,,AFI Catalog ID: 9634.0
Hungry Hearts,1922,E. Mason Hopper,,AFI Catalog ID: 1518.0
Manslaughter,1922,Cecil B. DeMille,,AFI Catalog ID: 10638.0
Nancy From Nowhere,1922,Chester M. Franklin,,AFI Catalog ID: 10922.0
Restless Souls,1922,Robert Ensminger,,AFI Catalog ID: 11640.0
Singed Wings,1922,Penrhyn Stanlaws,,AFI Catalog ID: 12144.0
Tess of the Storm Country,1922,John S. Robertson,,AFI Catalog ID: 12586.0
The Country Flapper,1922,F. Richard Jones,,AFI Catalog ID: 3450.0
The Forgotten Law,1922,James W. Horne,,AFI Catalog ID: 9202.0
The Good Provider,1922,Frank Borzage,,AFI Catalog ID: 1484.0
The Love Gambler,1922,Joseph Franz,,AFI Catalog ID: 10403.0
Without Compromise,1922,Emmett J. Flynn,,AFI Catalog ID: 13393.0
A Chapter in Her Life,1923,Lois Weber,,AFI Catalog ID: 3247.0
Black Oxen,1923,Frank Lloyd,,AFI Catalog ID: 2888.0
Crashin' Thru,1923,Val Paul,,AFI Catalog ID: 1412.0
Long Live the King,1923,Victor Schertzinger,,AFI Catalog ID: 10359.0
Michael O'Halloran,1923,James Leo Meehan,,AFI Catalog ID: 10741.0
Nobody's Bride,1923,Herbert Blaché,,AFI Catalog ID: 11007.0
Railroaded,1923,Edmund Mortimer,,AFI Catalog ID: 11531.0
The Fighting Blade,1923,John S. Robertson,,AFI Catalog ID: 9002.0
The Flame of Life,1923,Hobart Henley,,AFI Catalog ID: 9078.0
The Glimpses of the Moon,1923,Allan Dwan,,AFI Catalog ID: 9390.0
The Leopardess,1923,Henry Kolker,,AFI Catalog ID: 10231.0
The Nth Commandment,1923,Frank Borzage,,AFI Catalog ID: 11039.0
The Self-Made Wife,1923,Jack Dillon,,AFI Catalog ID: 11967.0
Yesterday's Wife,1923,Edward J. Le Saint,,AFI Catalog ID: 13515.0
A Girl of the Limberlost,1924,James Leo Meehan,,AFI Catalog ID: 9367.0
A Lady of Quality,1924,Hobart Henley,,AFI Catalog ID: 10133.0
A Lost Lady,1924,Harry Beaumont,,AFI Catalog ID: 10379.0
Broken Laws,1924,R. William Neill,,AFI Catalog ID: 3086.0
Changing Husbands,1924,"Frank Urson, Paul Iribe",,AFI Catalog ID: 3245.0
Empty Hearts,1924,Al Santell,,AFI Catalog ID: 8830.0
Feet of Clay,1924,Cecil B. De Mille,,AFI Catalog ID: 8977.0
Inez From Hollywood,1924,Alfred E. Green,,AFI Catalog ID: 9924.0
Sandra,1924,"Arthur H. Sawyer, Webster Campbell, George Melford",,AFI Catalog ID: 11872.0
So Big,1924,Charles Brabin,,AFI Catalog ID: 1690.0
Teeth,1924,John G. Blystone,,"AFI Catalog ID: 12556.0 | also based on the short story ""Teeth,"" by
Clinton H. Stagg"
The 40th Door,1924,George B. Seitz,,AFI Catalog ID: 9206.0
The Age of Innocence,1924,Wesley Ruggles,,AFI Catalog ID: 2526.0
The Breathless Moment,1924,Robert F. Hill,,AFI Catalog ID: 3020.0
The Dawn of a Tomorrow,1924,George Melford,,AFI Catalog ID: 3650.0
The Family Secret,1924,William Seiter,,AFI Catalog ID: 8931.0
The Tenth Woman,1924,James Flood,,AFI Catalog ID: 12578.0
Are Parents People?,1925,Malcolm St. Clair,,AFI Catalog ID: 2618.0
Bobbed Hair,1925,Alan Crosland,,AFI Catalog ID: 2947.0
Chickie,1925,John Francis Dillon,,AFI Catalog ID: 3287.0
Drusilla With a Million,1925,F. Harmon Weight,,AFI Catalog ID: 8774.0
My Wife and I,1925,Millard Webb,,AFI Catalog ID: 10902.0
On Thin Ice,1925,Mal St. Clair,,AFI Catalog ID: 11111.0
Peacock Feathers,1925,Svend Gade,,AFI Catalog ID: 11309.0
Playing With Souls,1925,Ralph Ince,,AFI Catalog ID: 11378.0
Salome of the Tenements,1925,Sidney Olcott,,AFI Catalog ID: 1657.0
Stella Dallas,1925,Henry King,,AFI Catalog ID: 12407.0
The Girl of Gold,1925,John Ince,,AFI Catalog ID: 9364.0
The Home Maker,1925,King Baggot,,AFI Catalog ID: 9791.0
The Keeper of the Bees,1925,James Leo Meehan,,AFI Catalog ID: 10055.0
The Pearl of Love,1925,Leon E. Dadmun,,AFI Catalog ID: 11310.0
The Way of a Girl,1925,Robert G. Vignola,,AFI Catalog ID: 13097.0
The Woman Hater,1925,James Flood,,AFI Catalog ID: 13430.0
A Poor Girl's Romance,1926,F. Harmon Weight,,AFI Catalog ID: 11401.0
A Woman's Heart,1926,Phil Rosen,,AFI Catalog ID: 13457.0
Early To Wed,1926,Frank Borzage,,AFI Catalog ID: 8804.0
Footloose Widows,1926,Roy Del Ruth,,AFI Catalog ID: 9162.0
His Jazz Bride,1926,Herman C. Raymaker,,AFI Catalog ID: 9757.0
Laddie,1926,James Leo Meehan,,AFI Catalog ID: 1546.0
Lovey Mary,1926,King Baggot,,AFI Catalog ID: 10460.0
Mannequin,1926,James Cruze,,AFI Catalog ID: 10628.0
Married?,1926,George Terwilliger,,AFI Catalog ID: 10662.0
Sandy,1926,Harry Beaumont,,AFI Catalog ID: 11873.0
Subway Sadie,1926,Alfred Santell,,AFI Catalog ID: 12478.0
The Bat,1926,Roland West,,AFI Catalog ID: 2736.0
The Golden Cocoon,1926,Millard Webb,,AFI Catalog ID: 9430.0
The Romance of a Million Dollars,1926,Tom Terriss,,AFI Catalog ID: 11758.0
The Skyrocket,1926,Marshall Neilan,,AFI Catalog ID: 12190.0
When Love Grows Cold,1926,Harry O. Hoyt,,AFI Catalog ID: 13211.0
Body and Soul,1927,Reginald Barker,,AFI Catalog ID: 2948.0
Honeymoon Hate,1927,Luther Reed,,AFI Catalog ID: 9806.0
Perch of the Devil,1927,King Baggot,,AFI Catalog ID: 11319.0
Singed,1927,John Griffith Wray,,AFI Catalog ID: 12143.0
The Crystal Cup,1927,John Francis Dillon,,AFI Catalog ID: 3523.0
The Drop Kick,1927,Millard Webb,,AFI Catalog ID: 8768.0
The Harvester,1927,Leo Meehan,,AFI Catalog ID: 9579.0
The Magic Garden,1927,J. Leo Meehan,,AFI Catalog ID: 10517.0
The Sea Tiger,1927,John Francis Dillon,,AFI Catalog ID: 11936.0
The Silent Rider,1927,Lynn Reynolds,,AFI Catalog ID: 12106.0
Topsy and Eva,1927,Del Lord,,AFI Catalog ID: 1734.0
Uncle Tom's Cabin,1927,Harry A. Pollard,,AFI Catalog ID: 1743.0
Freckles,1928,Leo Meehan,,AFI Catalog ID: 9236.0
Gentlemen Prefer Blondes,1928,Malcolm St. Clair,,AFI Catalog ID: 9315.0
Masked Angel,1928,Frank O'Connor,,AFI Catalog ID: 10679.0
Ramona,1928,Edwin Carewe,,AFI Catalog ID: 1638.0
Sally's Shoulders,1928,Lynn Shores,,AFI Catalog ID: 11859.0
Someone To Love,1928,F. Richard Jones,,AFI Catalog ID: 12267.0
The Little Yellow House,1928,James Leo Meehan,,AFI Catalog ID: 10322.0
Wallflowers,1928,Leo Meehan,,AFI Catalog ID: 13061.0
Wheel of Chance,1928,Alfred Santell,,AFI Catalog ID: 1759.0
Applause,1929,Rouben Mamoulian,,AFI Catalog ID: 2614.0
Dance Hall,1929,Melville Brown,,AFI Catalog ID: 3552.0
Night Club,1929,Robert Florey,,AFI Catalog ID: 67038.0
Scandal,1929,Wesley Ruggles,,AFI Catalog ID: 11900.0
Show Boat,1929,Harry Pollard,,AFI Catalog ID: 1677.0
The Painted Angel,1929,Millard Webb,,AFI Catalog ID: 11233.0
The Single Standard,1929,John S. Robertson,,AFI Catalog ID: 12151.0
Back Pay,1930,,,AFI Catalog ID: 2684.0
Behind the Make-Up,1930,Robert Milton,,AFI Catalog ID: 2793.0
Honey,1930,Wesley Ruggles,,AFI Catalog ID: 9802.0
Lummox,1930,Herbert Brenon,,AFI Catalog ID: 10480.0
Manslaughter,1930,George Abbott,,AFI Catalog ID: 10639.0
Mother's Cry,1930,Hobart Henley,,AFI Catalog ID: 10866.0
Playing Around,1930,Mervyn LeRoy,,AFI Catalog ID: 11374.0
Second Choice,1930,Howard Bretherton,,AFI Catalog ID: 11941.0
The Bat Whispers,1930,Roland West,,AFI Catalog ID: 2737.0
The Divorcée,1930,Robert Z. Leonard,,AFI Catalog ID: 3776.0
The Dude Wrangler,1930,Richard Thorpe,,AFI Catalog ID: 8780.0
The Lash,1930,Frank Lloyd,,AFI Catalog ID: 1549.0
The Office Wife,1930,Lloyd Bacon,,AFI Catalog ID: 11054.0
The Princess and the Plumber,1930,Alexander Korda,,AFI Catalog ID: 11456.0
The Right to Love,1930,Richard Wallace,,AFI Catalog ID: 11707.0
The Woman Who Was Forgotten,1930,Richard Thomas,,AFI Catalog ID: 13450.0
Young Man of Manhattan,1930,Monta Bell,,AFI Catalog ID: 13532.0
A Free Soul,1931,Clarence Brown,,AFI Catalog ID: 7362.0
Bad Girl,1931,Frank Borzage,,AFI Catalog ID: 7252.0
Cimarron,1931,Wesley Ruggles,,AFI Catalog ID: 899.0
Daddy Long Legs,1931,Alfred Santell,,AFI Catalog ID: 7244.0
Five and Ten,1931,,,AFI Catalog ID: 5878.0
I Take This Woman,1931,Marion Gering,,AFI Catalog ID: 7741.0
Strangers May Kiss,1931,George Fitzmaurice,,AFI Catalog ID: 7193.0
Their Mad Moment,1931,"Chandler Sprague, Hamilton MacFadden",,AFI Catalog ID: 7846.0
This Modern Age,1931,Nicholas Grindé,,AFI Catalog ID: 6926.0
Working Girls,1931,Dorothy Arzner,,AFI Catalog ID: 6315.0
Amateur Daddy,1932,John Blystone,,AFI Catalog ID: 6012.0
Back Street,1932,John M. Stahl,,AFI Catalog ID: 7328.0
Dance Team,1932,Sidney Lanfield,,AFI Catalog ID: 5284.0
Devil's Lottery,1932,Sam Taylor,,AFI Catalog ID: 4195.0
Faithless,1932,Harry Beaumont,,AFI Catalog ID: 7014.0
Grand Hotel,1932,Edmund Goulding,,AFI Catalog ID: 7720.0
Love Affair,1932,Thornton Freeland,,AFI Catalog ID: 5117.0
Merrily We Go to Hell,1932,Dorothy Arzner,,AFI Catalog ID: 6605.0
Rebecca of Sunnybrook Farm,1932,Alfred Santell,,AFI Catalog ID: 7327.0
Red-Headed Woman,1932,Jack Conway,,AFI Catalog ID: 7922.0
Sinners in the Sun,1932,"Alexander Hall, William C. de Mille",,AFI Catalog ID: 6991.0
Skyscraper Souls,1932,Edgar Selwyn,,AFI Catalog ID: 7007.0
So Big,1932,William A. Wellman,,AFI Catalog ID: 1124.0
Symphony of Six Million,1932,Gregory La Cava,,AFI Catalog ID: 1019.0
Tess of the Storm Country,1932,Alfred Santell,,AFI Catalog ID: 6439.0
The Night of June 13,1932,Stephen Roberts,,AFI Catalog ID: 7384.0
Uptown New York,1932,Victor Schertzinger,,AFI Catalog ID: 4414.0
Week-end Marriage,1932,Thornton Freeland,,AFI Catalog ID: 4720.0
Westward Passage,1932,Robert Milton,,AFI Catalog ID: 5585.0
Beauty for Sale,1933,Richard Boleslavsky,,AFI Catalog ID: 7286.0
Big Executive,1933,Erle C. Kenton,,AFI Catalog ID: 4759.0
Bureau of Missing Persons,1933,Roy Del Ruth,,AFI Catalog ID: 4265.0
Chance at Heaven,1933,William Seiter,,AFI Catalog ID: 3935.0
Little Women,1933,"George Cukor, John Davis Lodge",,AFI Catalog ID: 5986.0
Mr. Skitch,1933,James Cruze,,AFI Catalog ID: 5924.0
Pick-Up,1933,Marion Gering,,AFI Catalog ID: 6291.0
Redhead,1933,Melville Brown,,AFI Catalog ID: 6633.0
The Woman Accused,1933,Paul Sloane,,AFI Catalog ID: 4533.0
A Girl of the Limberlost,1934,Christy Cabanne,,AFI Catalog ID: 6581.0
A Lost Lady,1934,Alfred E. Green,,AFI Catalog ID: 7152.0
A Wicked Woman,1934,Charles Brabin,,AFI Catalog ID: 4003.0
A Woman's Man,1934,Edward T. Ludwig,,AFI Catalog ID: 4270.0
As the Earth Turns,1934,Alfred Green,,AFI Catalog ID: 861.0
Finishing School,1934,"Wanda Tuchock, George Nicholls Jr.",,AFI Catalog ID: 2812.0
Green Eyes,1934,Richard Thorpe,,AFI Catalog ID: 5584.0
Imitation of Life,1934,John M. Stahl,,AFI Catalog ID: 1130.0
Little Men,1934,Phil Rosen,,AFI Catalog ID: 6402.0
Mrs. Wiggs of the Cabbage Patch,1934,Norman Taurog,,AFI Catalog ID: 5672.0
One Hour Late,1934,Ralph Murphy,,AFI Catalog ID: 7837.0
Sadie McKee,1934,Clarence Brown,,AFI Catalog ID: 7064.0
She Was a Lady,1934,Hamilton MacFadden,,AFI Catalog ID: 2200.0
Strange Wives,1934,Richard Thorpe,,AFI Catalog ID: 1164.0
Such Women Are Dangerous,1934,James Flood,,AFI Catalog ID: 7539.0
The Age of Innocence,1934,Philip Moeller,,AFI Catalog ID: 6865.0
The Last Gentleman,1934,Sidney Lanfield,,AFI Catalog ID: 7705.0
The Ninth Guest,1934,R. William Neill,,"AFI Catalog ID: 6417.0 | also based on the play The Ninth
Guest. by Owen Davis"
Two Heads on a Pillow,1934,William Nigh,,AFI Catalog ID: 4845.0
You Belong to Me,1934,Alfred Werker,,AFI Catalog ID: 6875.0
Captain Hurricane,1935,John Robertson,,AFI Catalog ID: 4360.0
Collegiate,1935,Ralph Murphy,,AFI Catalog ID: 4872.0
Curly Top,1935,Irving Cummings,,AFI Catalog ID: 5286.0
False Pretenses,1935,Charles Lamont,,AFI Catalog ID: 4013.0
Freckles,1935,"Edward Killy, William Hamilton",,AFI Catalog ID: 5863.0
Hands Across the Table,1935,Mitchell Leisen,,AFI Catalog ID: 6435.0
Laddie,1935,George Stevens,,AFI Catalog ID: 6903.0
Manhattan Butterfly,1935,Lewis D. Collins,,AFI Catalog ID: 5315.0
Personal Maid's Secret,1935,Arthur Greville Collins,,AFI Catalog ID: 5598.0
Roberta,1935,William A. Seiter,,AFI Catalog ID: 6281.0
She Married Her Boss,1935,Gregory La Cava,,AFI Catalog ID: 8615.0
Stars over Broadway,1935,William Keighley,,AFI Catalog ID: 6256.0
The Keeper of the Bees,1935,Christy Cabanne,,AFI Catalog ID: 7497.0
Wife Vs. Secretary,1935,Clarence Brown,,AFI Catalog ID: 4863.0
Accused,1936,Thornton Freeland,,AFI Catalog ID: 8409.0
And So They Were Married,1936,Elliott Nugent,,AFI Catalog ID: 6519.0
August Week-end,1936,Charles Lamont,,AFI Catalog ID: 4432.0
Bad Boy,1936,John Blystone,,AFI Catalog ID: 4868.0
King of Burlesque,1936,Sidney Lanfield,,AFI Catalog ID: 4974.0
Lady of Secrets,1936,Marion Gering,,AFI Catalog ID: 8572.0
Little Lord Fauntleroy,1936,John Cromwell,,AFI Catalog ID: 5579.0
Love Before Breakfast,1936,Walter Lang,,AFI Catalog ID: 5951.0
Navy Born,1936,Nate Watt,,AFI Catalog ID: 5420.0
Next Time We Love,1936,Edward H. Griffith,,AFI Catalog ID: 7638.0
Ramona,1936,Henry King,,AFI Catalog ID: 1087.0
Roaming Lady,1936,Albert S. Rogell,,AFI Catalog ID: 8530.0
Show Boat,1936,James Whale,,AFI Catalog ID: 1033.0
The Bride Comes Home,1936,Wesley Ruggles,,AFI Catalog ID: 6381.0
The Harvester,1936,Joseph Santley,,AFI Catalog ID: 6297.0
The Moon's Our Home,1936,William A. Seiter,,AFI Catalog ID: 4408.0
A Bride for Henry,1937,William Nigh,,AFI Catalog ID: 6550.0
Back in Circulation,1937,Ray Enright,,AFI Catalog ID: 4885.0
Dangerous Number,1937,Richard Thorpe,,AFI Catalog ID: 6165.0
Mannequin,1937,Frank Borzage,,AFI Catalog ID: 5523.0
Michael O'Halloran,1937,Karl Brown,,AFI Catalog ID: 8001.0
Portia on Trial,1937,George Nicholls Jr.,,AFI Catalog ID: 5828.0
Stella Dallas,1937,King Vidor,,AFI Catalog ID: 4311.0
The Good Earth,1937,"Sidney Franklin, Victor Fleming, Gustav Machaty",,AFI Catalog ID: 8507.0
Underworld,1937,Oscar Micheaux,,AFI Catalog ID: 2230.0
Wake Up and Live,1937,Sidney Lanfield,,AFI Catalog ID: 7861.0
Wings over Honolulu,1937,H. C. Potter,,AFI Catalog ID: 7631.0
Bringing Up Baby,1938,Howard Hawks,,AFI Catalog ID: 6702.0
Comet over Broadway,1938,Busby Berkeley,,AFI Catalog ID: 3969.0
Four Daughters,1938,Michael Curtiz,,AFI Catalog ID: 7131.0
I Met My Love Again,1938,"Arthur Ripley, Joshua Logan",,AFI Catalog ID: 7565.0
Men Are Such Fools,1938,Busby Berkeley,,AFI Catalog ID: 6355.0
Rebecca of Sunnybrook Farm,1938,Allan Dwan,,AFI Catalog ID: 7593.0
Romance of the Limberlost,1938,William Nigh,,AFI Catalog ID: 5737.0
Woman Against Woman,1938,Robert B. Sinclair,,AFI Catalog ID: 5267.0
Four Wives,1939,Michael Curtiz,,AFI Catalog ID: 8206.0
Gone with the Wind,1939,"Victor Fleming, Sam Wood, George Cukor, Chester Franklin, James Fitzpatrick",,AFI Catalog ID: 1181.0
Good Girls Go to Paris,1939,Alexander Hall,,AFI Catalog ID: 4659.0
Honeymoon in Bali,1939,Edward H. Griffith,,AFI Catalog ID: 4646.0
In Name Only,1939,John Cromwell,,AFI Catalog ID: 5042.0
The Little Princess,1939,Walter Lang,,AFI Catalog ID: 4170.0
The Old Maid,1939,Edmund Goulding,,AFI Catalog ID: 5048.0
The Story of Vernon and Irene Castle,1939,H. C. Potter,,AFI Catalog ID: 4219.0 | also based on the nonfiction book My Memories of Vernon Castle by Irene Castle
Chip of the Flying U,1940,Ralph Staub,,AFI Catalog ID: 8358.0
Cross-Country Romance,1940,Frank Woodruff,,AFI Catalog ID: 5081.0
Her First Romance,1940,Edward Dmytryk,,AFI Catalog ID: 6083.0
Laddie,1940,Jack Hively,,AFI Catalog ID: 6148.0
Little Men,1940,Norman Z. McLeod,,AFI Catalog ID: 27085.0
Manhattan Heartbeat,1940,David Burton,,AFI Catalog ID: 7956.0
Back Street,1941,Robert Stevenson,,AFI Catalog ID: 26603.0
Cheers for Miss Bishop,1941,Tay Garnett,,AFI Catalog ID: 26645.0
Dumbo,1941,,,AFI Catalog ID: 26684.0
Four Mothers,1941,William Keighley,,AFI Catalog ID: 26706.0
Penny Serenade,1941,George Stevens,,AFI Catalog ID: 27033.0
Redhead,1941,Edward Cahn,,AFI Catalog ID: 26880.0
She Knew All the Answers,1941,Richard Wallace,,AFI Catalog ID: 26919.0
The Nurse's Secret,1941,Noel M. Smith,,AFI Catalog ID: 26846.0
The Perfect Snob,1941,Ray McCarey,,AFI Catalog ID: 26862.0
Are Husbands Necessary?,1942,Norman Taurog,,AFI Catalog ID: 27120.0
Freckles Comes Home,1942,Jean Yarbrough,,AFI Catalog ID: 27231.0
In This Our Life,1942,John Huston,,AFI Catalog ID: 27278.0
Meet the Stewarts,1942,Alfred E. Green,,AFI Catalog ID: 27344.0
Mrs. Wiggs of the Cabbage Patch,1942,Ralph Murphy,,AFI Catalog ID: 27361.0
"Now, Voyager",1942,Irving Rapper,,AFI Catalog ID: 27383.0
The Great Man's Lady,1942,William A. Wellman,,AFI Catalog ID: 27252.0
The Vanishing Virginian,1942,Frank Borzage,,AFI Catalog ID: 26975.0
Above Suspicion,1943,Richard Thorpe,,AFI Catalog ID: 24028.0
Assignment in Brittany,1943,Jack Conway,,AFI Catalog ID: 24011.0
Claudia,1943,Edmund Goulding,,AFI Catalog ID: 360.0
Madame Curie,1943,"Mervyn LeRoy, Albert Lewin",,AFI Catalog ID: 556.0
The Fallen Sparrow,1943,Richard Wallace,,AFI Catalog ID: 415.0
The Youngest Profession,1943,Edward Buzzell,,AFI Catalog ID: 814.0
Dark Waters,1944,Andre DeToth,,AFI Catalog ID: 2443.0
Dragon Seed,1944,"Jack Conway, Harold S. Bucquet",,AFI Catalog ID: 2198.0
Experiment Perilous,1944,Jacques Tourneur,,AFI Catalog ID: 1876.0
Government Girl,1944,Dudley Nichols,,AFI Catalog ID: 461.0
Janie,1944,Michael Curtiz,,AFI Catalog ID: 698.0
Ladies Courageous,1944,John Rawlins,,AFI Catalog ID: 24031.0
Laura,1944,Otto Preminger,,AFI Catalog ID: 24042.0
Marriage Is a Private Affair,1944,Robert Z. Leonard,,AFI Catalog ID: 24062.0
Meet Me in St. Louis,1944,Vincente Minnelli,,AFI Catalog ID: 24066.0
Pin Up Girl,1944,Bruce Humberstone,,AFI Catalog ID: 24124.0
The White Cliffs of Dover,1944,Clarence Brown,,AFI Catalog ID: 760.0
A Letter for Evie,1945,Jules Dassin,,AFI Catalog ID: 24482.0
A Tree Grows in Brooklyn,1945,Elia Kazan,,AFI Catalog ID: 24635.0
China Sky,1945,Ray Enright,,AFI Catalog ID: 24354.0
Having Wonderful Crime,1945,Eddie Sutherland,,AFI Catalog ID: 24438.0
Hotel Berlin,1945,Peter Godfrey,,AFI Catalog ID: 24450.0
Junior Miss,1945,George Seaton,,AFI Catalog ID: 24470.0
Saratoga Trunk,1945,Sam Wood,,AFI Catalog ID: 24565.0
The Girl of the Limberlost,1945,Melchor Ferrer,,AFI Catalog ID: 24427.0
The Great Flamarion,1945,Anthony Mann,,AFI Catalog ID: 24430.0
The Valley of Decision,1945,Tay Garnett,,AFI Catalog ID: 24645.0
Week-End at the Waldorf,1945,Robert Z. Leonard,,AFI Catalog ID: 24652.0
Avalanche,1946,Irving Allen,,AFI Catalog ID: 24680.0
Claudia and David,1946,Walter Lang,,AFI Catalog ID: 24725.0
Home Sweet Homicide,1946,Lloyd Bacon,,AFI Catalog ID: 24822.0
Humoresque,1946,Jean Negulesco,,AFI Catalog ID: 24826.0
The Yearling,1946,"Clarence Brown, Victor Fleming",,AFI Catalog ID: 25058.0
Tomorrow Is Forever,1946,Irving Pichel,,AFI Catalog ID: 25023.0
Without Reservations,1946,Mervyn LeRoy,,AFI Catalog ID: 25057.0
Young Widow,1946,Edwin L. Marin,,AFI Catalog ID: 25059.0
Cry Wolf,1947,Peter Godfrey,,AFI Catalog ID: 25127.0
Cynthia,1947,Robert Z. Leonard,,AFI Catalog ID: 25128.0
Keeper of the Bees,1947,John Sturges,,AFI Catalog ID: 25224.0
Ride the Pink Horse,1947,Robert Montgomery,,AFI Catalog ID: 25321.0
That Hagen Girl,1947,Peter Godfrey,,AFI Catalog ID: 25380.0
The Arnelo Affair,1947,Arch Oboler,,AFI Catalog ID: 25068.0
The Unsuspected,1947,Michael Curtiz,,AFI Catalog ID: 25409.0
Apartment for Peggy,1948,George Seaton,,AFI Catalog ID: 25445.0
Back Street,1948,Esther Eng,,
I Remember Mama,1948,George Stevens,,AFI Catalog ID: 25582.0
"I, Jane Doe",1948,John H. Auer,,AFI Catalog ID: 25580.0
Little Women,1948,Mervyn LeRoy,,AFI Catalog ID: 26003.0
Michael O'Halloran,1948,John Rawlins,,AFI Catalog ID: 25638.0
Mickey,1948,Ralph Murphy,,AFI Catalog ID: 25639.0
Sitting Pretty,1948,Walter Lang,,AFI Catalog ID: 25726.0
The Sainted Sisters,1948,William D. Russell,,AFI Catalog ID: 25709.0
A Woman's Secret,1949,Nicholas Ray,,AFI Catalog ID: 26181.0
An Old-Fashioned Girl,1949,Arthur Dreifuss,,AFI Catalog ID: 25666.0
Caught,1949,Max Opuls,,AFI Catalog ID: 25873.0
Challenge to Lassie,1949,Richard Thorpe,,AFI Catalog ID: 25875.0
"East Side, West Side",1949,Mervyn LeRoy,,AFI Catalog ID: 25909.0
"Once More, My Darling",1949,"Robert Montgomery, Michael Gordon",,AFI Catalog ID: 26044.0
Pinky,1949,Elia Kazan,,AFI Catalog ID: 25485.0
The Lucky Stiff,1949,Lewis R. Foster,,AFI Catalog ID: 26011.0
The Reckless Moment,1949,Max Opuls,,AFI Catalog ID: 26063.0
The Secret Garden,1949,Fred M. Wilcox,,AFI Catalog ID: 26095.0
The Sun Comes Up,1949,Richard Thorpe,,AFI Catalog ID: 26133.0
"Captain Carey, U.S.A.",1950,Mitchell Leisen,,AFI Catalog ID: 26254.0
Cheaper by the Dozen,1950,Walter Lang,,AFI Catalog ID: 26264.0
In a Lonely Place,1950,Nicholas Ray,,AFI Catalog ID: 26364.0
Mother Didn't Tell Me,1950,Claude Binyon,,AFI Catalog ID: 26414.0
Mrs. O'Malley and Mr. Malone,1950,Norman Taurog,,AFI Catalog ID: 26410.0
Panic in the Streets,1950,Elia Kazan,,AFI Catalog ID: 26448.0
Second Chance,1950,William Beaudine,,AFI Catalog ID: 26484.0
Stella,1950,Claude Binyon,,AFI Catalog ID: 26508.0
The Damned Don't Cry,1950,Vincent Sherman,,AFI Catalog ID: 26285.0
Three Came Home,1950,Jean Negulesco,,AFI Catalog ID: 26524.0
Woman on the Run,1950,Norman Foster,,AFI Catalog ID: 26573.0
Young Man with a Horn,1950,Michael Curtiz,,AFI Catalog ID: 26577.0
Fugitive Lady,1951,Sidney Salkow,,AFI Catalog ID: 50131.0
"Goodbye, My Fancy",1951,"Vincent Sherman, Frank Mattison",,AFI Catalog ID: 50123.0
Queen for a Day,1951,Arthur Lubin,,"AFI Catalog ID: 53421.0 | Also based on ""Horsie"" by Dorothy Parker and ""High Diver"" by John Ashworth"
Show Boat,1951,George Sidney,,AFI Catalog ID: 53541.0
Take Care of My Little Girl,1951,Jean Negulesco,,AFI Catalog ID: 50322.0
The Great Caruso,1951,Richard Thorpe,,AFI Catalog ID: 53618.0
Belles on Their Toes,1952,Henry Levin,,AFI Catalog ID: 50415.0
Don't Bother to Knock,1952,Roy Baker,,AFI Catalog ID: 50467.0
Lovely To Look At,1952,Mervyn LeRoy,,AFI Catalog ID: 50558.0
Talk About a Stranger,1952,David Bradley,,AFI Catalog ID: 50679.0
The Girl in White,1952,John Sturges,,AFI Catalog ID: 50491.0
The Magnificent Yankee,1952,,,AFI Catalog ID: 53929.0
The Member of the Wedding,1952,Fred Zinnemann,,AFI Catalog ID: 53458.0
About Mrs. Leslie,1953,Daniel Mann,,AFI Catalog ID: 51112.0
All I Desire,1953,Douglas Sirk,,AFI Catalog ID: 50742.0
Bright Road,1953,Gerald Mayer,,AFI Catalog ID: 53505.0
Gentlemen Prefer Blondes,1953,Howard Hawks,,AFI Catalog ID: 50847.0
So Big,1953,Robert Wise,,AFI Catalog ID: 53422.0
The Blue Gardenia,1953,Fritz Lang,,AFI Catalog ID: 50768.0
The Girl Who Had Everything,1953,Richard Thorpe,,AFI Catalog ID: 50850.0
The Sea Around Us,1953,Irwin Allen,,AFI Catalog ID: 51012.0
Her Twelve Men,1954,Robert Z. Leonard,,AFI Catalog ID: 51228.0
Jubilee Trail,1954,Joseph Inman Kane,,AFI Catalog ID: 51245.0
Naked Alibi,1954,Jerry Hopper,,AFI Catalog ID: 51282.0
Daddy Long Legs,1955,Jean Negulesco,,AFI Catalog ID: 51474.0
Gentlemen Marry Brunettes,1955,Richard Sale,,AFI Catalog ID: 51508.0
Lucy Gallant,1955,Robert Parrish,,AFI Catalog ID: 51572.0
Young at Heart,1955,Gordon Douglas,,AFI Catalog ID: 51415.0
Giant,1956,George Stevens,,AFI Catalog ID: 53655.0
Navy Wife,1956,Edward L. Bernds,,AFI Catalog ID: 51935.0
The Proud and Profane,1956,George Seaton,,AFI Catalog ID: 51960.0
There's Always Tomorrow,1956,Douglas Sirk,,AFI Catalog ID: 52032.0
Westward Ho the Wagons!,1956,William Beaudine,,AFI Catalog ID: 53534.0
Tammy and the Bachelor,1957,Joseph Pevney,,AFI Catalog ID: 52389.0
"Another Time, Another Place",1958,Lewis Allen,,AFI Catalog ID: 52464.0
China Doll,1958,Frank Borzage,,AFI Catalog ID: 52500.0
Home Before Dark,1958,Mervyn LeRoy,,AFI Catalog ID: 53579.0
Macabre,1958,William Castle,,AFI Catalog ID: 52650.0
"Too Much, Too Soon",1958,Art Napoleon,,AFI Catalog ID: 52776.0
Imitation of Life,1959,Douglas Sirk,,AFI Catalog ID: 53583.0
The Bat,1959,Crane Wilbur,,AFI Catalog ID: 52821.0
The Hanging Tree,1959,"Delmer Daves, Karl Malden, Vincent Sherman",,AFI Catalog ID: 53715.0
Cimarron,1960,Anthony Mann,,AFI Catalog ID: 53484.0
Freckles,1960,Andrew V. McLaglen,,AFI Catalog ID: 53149.0
I Passed for White,1960,Fred M. Wilcox,,AFI Catalog ID: 53403.0
Tess of the Storm Country,1960,Paul Guilfoyle,,AFI Catalog ID: 53310.0
Back Street,1961,David Miller,,AFI Catalog ID: 22474.0
Greyfriars Bobby,1961,Don Chaffey,,AFI Catalog ID: 23743.0
Satan Never Sleeps,1962,"Leo McCarey, Jack Cardiff",,AFI Catalog ID: 23339.0
The Big Wave,1962,Tad Danielewski,,AFI Catalog ID: 22672.0
